szPrecinctName,Accepted,Wrong Precinct,Wrong Ballot Type,Accepted No Ballot,Total Counted,,CH-PO/MA,Printed Signature,Can Not Identify,Challenged No ballot,CH-VBM Ballot Returned,Not Registered,No Signature,Not Eligible,Signature Miscompares,No address provided,Voted a precinct ballot,Cancellation,NO-COVR Signature,Total Not Counted,,Total
Pct 1122   ,0,0,0,0,0,,0,0,0,0,0,0,0,0,0,0,0,0,0,0,,0
Pct 1151   ,0,0,0,0,0,,0,0,0,0,0,0,0,0,0,0,0,0,0,0,,0
Pct 1154   ,0,0,0,0,0,,0,0,0,0,0,0,0,0,0,0,0,0,0,0,,0
Pct 7015   ,0,0,0,0,0,,0,0,0,0,0,0,0,0,0,0,0,0,0,0,,0
Pct 7018   ,0,0,0,0,0,,0,0,0,0,0,0,0,0,0,0,0,0,0,0,,0
Pct 7034   ,0,0,0,0,0,,0,0,0,0,0,0,0,0,0,0,0,0,0,0,,0
Pct 7036   ,0,0,0,0,0,,0,0,0,0,0,0,0,0,0,0,0,0,0,0,,0
Pct 7037   ,0,0,0,0,0,,0,0,0,0,0,0,0,0,0,0,0,0,0,0,,0
Pct 7041   ,0,0,0,0,0,,0,0,0,0,0,0,0,0,0,0,0,0,0,0,,0
Pct 7046   ,0,0,0,0,0,,0,0,0,0,0,0,0,0,0,0,0,0,0,0,,0
Pct 7101   ,0,0,0,0,0,,0,0,0,0,0,0,0,0,0,0,0,0,0,0,,0
Pct 7323   ,0,0,0,0,0,,0,0,0,0,0,0,0,0,0,0,0,0,0,0,,0
Pct 7545   ,0,0,0,0,0,,0,0,0,0,0,0,0,0,0,0,0,0,0,0,,0
Pct 7553   ,0,0,0,0,0,,0,0,0,0,0,0,0,0,0,0,0,0,0,0,,0
Pct 7635   ,0,0,0,0,0,,0,0,0,0,0,0,0,0,0,0,0,0,0,0,,0
Pct 7648   ,0,0,0,0,0,,0,0,0,0,0,0,0,0,0,0,0,0,0,0,,0
Pct 7703   ,0,0,0,0,0,,0,0,0,0,0,0,0,0,0,0,0,0,0,0,,0
Pct 7933   ,0,0,0,0,0,,0,0,0,0,0,0,0,0,0,0,0,0,0,0,,0
Pct 7954   ,0,0,0,0,0,,0,0,0,0,0,0,0,0,0,0,0,0,0,0,,0
Pct 7958   ,0,0,0,0,0,,0,0,0,0,0,0,0,0,0,0,0,0,0,0,,0
Pct 9001   ,0,0,0,0,0,,0,0,0,0,0,0,0,0,0,0,0,0,0,0,,0
Pct 9136   ,0,0,0,0,0,,0,0,0,0,0,0,0,0,0,0,0,0,0,0,,0
Pct 9214   ,0,0,0,0,0,,0,0,0,0,0,0,0,0,0,0,0,0,0,0,,0
Pct 9217   ,0,0,0,0,0,,0,0,0,0,0,0,0,0,0,0,0,0,0,0,,0
Pct 9227   ,0,0,0,0,0,,0,0,0,0,0,0,0,0,0,0,0,0,0,0,,0
Pct 9257   ,0,0,0,0,0,,0,0,0,0,0,0,0,0,0,0,0,0,0,0,,0
Pct 9501   ,0,0,0,0,0,,0,0,0,0,0,0,0,0,0,0,0,0,0,0,,0
Pct 9502   ,0,0,0,0,0,,0,0,0,0,0,0,0,0,0,0,0,0,0,0,,0
Pct 9515   ,0,0,0,0,0,,0,0,0,0,0,0,0,0,0,0,0,0,0,0,,0
Pct 9706   ,0,0,0,0,0,,0,0,0,0,0,0,0,0,0,0,0,0,0,0,,0
Pct 9709   ,0,0,0,0,0,,0,0,0,0,0,0,0,0,0,0,0,0,0,0,,0
Pct 9723   ,0,0,0,0,0,,0,0,0,0,0,0,0,0,0,0,0,0,0,0,,0
Pct 9724   ,0,0,0,0,0,,0,0,0,0,0,0,0,0,0,0,0,0,0,0,,0
Pct 9727   ,0,0,0,0,0,,0,0,0,0,0,0,0,0,0,0,0,0,0,0,,0
Pct 9732   ,0,0,0,0,0,,0,0,0,0,0,0,0,0,0,0,0,0,0,0,,0
Pct 9733   ,0,0,0,0,0,,0,0,0,0,0,0,0,0,0,0,0,0,0,0,,0
Pct 9739   ,0,0,0,0,0,,0,0,0,0,0,0,0,0,0,0,0,0,0,0,,0
Pct 9742   ,0,0,0,0,0,,0,0,0,0,0,0,0,0,0,0,0,0,0,0,,0
Pct 9900   ,0,0,0,0,0,,0,0,0,0,0,0,0,0,0,0,0,0,0,0,,0
Pct 9901   ,0,0,0,0,0,,0,0,0,0,0,0,0,0,0,0,0,0,0,0,,0
Pct 9902   ,0,0,0,0,0,,0,0,0,0,0,0,0,0,0,0,0,0,0,0,,0
Pct 9998   ,0,0,0,0,0,,0,0,0,0,0,0,0,0,0,0,0,0,0,0,,0
Pct 1103   ,1,0,0,0,1,,0,0,0,0,0,0,0,0,0,0,0,0,0,0,,1
Pct 1125   ,1,0,0,0,1,,0,0,0,0,0,0,0,0,0,0,0,0,0,0,,1
Pct 1135   ,1,0,0,0,1,,0,0,0,0,0,0,0,0,0,0,0,0,0,0,,1
Pct 1145   ,1,0,0,0,1,,0,0,0,0,0,0,0,0,0,0,0,0,0,0,,1
Pct 7009   ,1,0,0,0,1,,0,0,0,0,0,0,0,0,0,0,0,0,0,0,,1
Pct 7017   ,1,0,0,0,1,,0,0,0,0,0,0,0,0,0,0,0,0,0,0,,1
Pct 7024   ,1,0,0,0,1,,0,0,0,0,0,0,0,0,0,0,0,0,0,0,,1
Pct 7035   ,1,0,0,0,1,,0,0,0,0,0,0,0,0,0,0,0,0,0,0,,1
Pct 7047   ,1,0,0,0,1,,0,0,0,0,0,0,0,0,0,0,0,0,0,0,,1
Pct 7204   ,1,0,0,0,1,,0,0,0,0,0,0,0,0,0,0,0,0,0,0,,1
Pct 7207   ,0,0,1,0,1,,0,0,0,0,0,0,0,0,0,0,0,0,0,0,,1
Pct 7209   ,0,1,0,0,1,,0,0,0,0,0,0,0,0,0,0,0,0,0,0,,1
Pct 7319   ,1,0,0,0,1,,0,0,0,0,0,0,0,0,0,0,0,0,0,0,,1
Pct 7512   ,0,0,1,0,1,,0,0,0,0,0,0,0,0,0,0,0,0,0,0,,1
Pct 7524   ,0,1,0,0,1,,0,0,0,0,0,0,0,0,0,0,0,0,0,0,,1
Pct 7551   ,1,0,0,0,1,,0,0,0,0,0,0,0,0,0,0,0,0,0,0,,1
Pct 7552   ,1,0,0,0,1,,0,0,0,0,0,0,0,0,0,0,0,0,0,0,,1
Pct 7709   ,1,0,0,0,1,,0,0,0,0,0,0,0,0,0,0,0,0,0,0,,1
Pct 7825   ,1,0,0,0,1,,0,0,0,0,0,0,0,0,0,0,0,0,0,0,,1
Pct 7833   ,0,1,0,0,1,,0,0,0,0,0,0,0,0,0,0,0,0,0,0,,1
Pct 7873   ,0,1,0,0,1,,0,0,0,0,0,0,0,0,0,0,0,0,0,0,,1
Pct 7932   ,0,1,0,0,1,,0,0,0,0,0,0,0,0,0,0,0,0,0,0,,1
Pct 9101   ,1,0,0,0,1,,0,0,0,0,0,0,0,0,0,0,0,0,0,0,,1
Pct 9106   ,1,0,0,0,1,,0,0,0,0,0,0,0,0,0,0,0,0,0,0,,1
Pct 9133   ,1,0,0,0,1,,0,0,0,0,0,0,0,0,0,0,0,0,0,0,,1
Pct 9146   ,1,0,0,0,1,,0,0,0,0,0,0,0,0,0,0,0,0,0,0,,1
Pct 9215   ,1,0,0,0,1,,0,0,0,0,0,0,0,0,0,0,0,0,0,0,,1
Pct 9229   ,0,0,1,0,1,,0,0,0,0,0,0,0,0,0,0,0,0,0,0,,1
Pct 9246   ,0,0,1,0,1,,0,0,0,0,0,0,0,0,0,0,0,0,0,0,,1
Pct 9256   ,1,0,0,0,1,,0,0,0,0,0,0,0,0,0,0,0,0,0,0,,1
Pct 9411   ,1,0,0,0,1,,0,0,0,0,0,0,0,0,0,0,0,0,0,0,,1
Pct 9451   ,1,0,0,0,1,,0,0,0,0,0,0,0,0,0,0,0,0,0,0,,1
Pct 9712   ,0,0,1,0,1,,0,0,0,0,0,0,0,0,0,0,0,0,0,0,,1
Pct 9717   ,0,0,1,0,1,,0,0,0,0,0,0,0,0,0,0,0,0,0,0,,1
Pct 9741   ,1,0,0,0,1,,0,0,0,0,0,0,0,0,0,0,0,0,0,0,,1
Pct 7514   ,0,0,0,0,0,,0,0,0,0,0,0,0,0,0,1,0,0,0,1,,1
Pct 9201   ,0,0,0,0,0,,0,0,0,0,0,1,0,0,0,0,0,0,0,1,,1
Pct 1107   ,0,2,0,0,2,,0,0,0,0,0,0,0,0,0,0,0,0,0,0,,2
Pct 1152   ,2,0,0,0,2,,0,0,0,0,0,0,0,0,0,0,0,0,0,0,,2
Pct 7029   ,2,0,0,0,2,,0,0,0,0,0,0,0,0,0,0,0,0,0,0,,2
Pct 7042   ,1,0,0,1,2,,0,0,0,0,0,0,0,0,0,0,0,0,0,0,,2
Pct 7043   ,0,1,1,0,2,,0,0,0,0,0,0,0,0,0,0,0,0,0,0,,2
Pct 7045   ,1,1,0,0,2,,0,0,0,0,0,0,0,0,0,0,0,0,0,0,,2
Pct 7206   ,1,0,1,0,2,,0,0,0,0,0,0,0,0,0,0,0,0,0,0,,2
Pct 7304   ,1,1,0,0,2,,0,0,0,0,0,0,0,0,0,0,0,0,0,0,,2
Pct 7324   ,2,0,0,0,2,,0,0,0,0,0,0,0,0,0,0,0,0,0,0,,2
Pct 7506   ,2,0,0,0,2,,0,0,0,0,0,0,0,0,0,0,0,0,0,0,,2
Pct 7513   ,0,2,0,0,2,,0,0,0,0,0,0,0,0,0,0,0,0,0,0,,2
Pct 7522   ,2,0,0,0,2,,0,0,0,0,0,0,0,0,0,0,0,0,0,0,,2
Pct 7644   ,1,1,0,0,2,,0,0,0,0,0,0,0,0,0,0,0,0,0,0,,2
Pct 7701   ,1,0,1,0,2,,0,0,0,0,0,0,0,0,0,0,0,0,0,0,,2
Pct 7829   ,1,1,0,0,2,,0,0,0,0,0,0,0,0,0,0,0,0,0,0,,2
Pct 7856   ,1,0,1,0,2,,0,0,0,0,0,0,0,0,0,0,0,0,0,0,,2
Pct 7945   ,0,2,0,0,2,,0,0,0,0,0,0,0,0,0,0,0,0,0,0,,2
Pct 9122   ,2,0,0,0,2,,0,0,0,0,0,0,0,0,0,0,0,0,0,0,,2
Pct 9123   ,1,1,0,0,2,,0,0,0,0,0,0,0,0,0,0,0,0,0,0,,2
Pct 9124   ,1,0,1,0,2,,0,0,0,0,0,0,0,0,0,0,0,0,0,0,,2
Pct 9138   ,2,0,0,0,2,,0,0,0,0,0,0,0,0,0,0,0,0,0,0,,2
Pct 9143   ,2,0,0,0,2,,0,0,0,0,0,0,0,0,0,0,0,0,0,0,,2
Pct 9148   ,0,2,0,0,2,,0,0,0,0,0,0,0,0,0,0,0,0,0,0,,2
Pct 9205   ,1,1,0,0,2,,0,0,0,0,0,0,0,0,0,0,0,0,0,0,,2
Pct 9213   ,1,0,1,0,2,,0,0,0,0,0,0,0,0,0,0,0,0,0,0,,2
Pct 9258   ,0,0,2,0,2,,0,0,0,0,0,0,0,0,0,0,0,0,0,0,,2
Pct 9405   ,2,0,0,0,2,,0,0,0,0,0,0,0,0,0,0,0,0,0,0,,2
Pct 9413   ,0,2,0,0,2,,0,0,0,0,0,0,0,0,0,0,0,0,0,0,,2
Pct 9417   ,2,0,0,0,2,,0,0,0,0,0,0,0,0,0,0,0,0,0,0,,2
Pct 9426   ,1,1,0,0,2,,0,0,0,0,0,0,0,0,0,0,0,0,0,0,,2
Pct 9444   ,1,1,0,0,2,,0,0,0,0,0,0,0,0,0,0,0,0,0,0,,2
Pct 9507   ,1,0,1,0,2,,0,0,0,0,0,0,0,0,0,0,0,0,0,0,,2
Pct 9516   ,1,1,0,0,2,,0,0,0,0,0,0,0,0,0,0,0,0,0,0,,2
Pct 9707   ,1,0,1,0,2,,0,0,0,0,0,0,0,0,0,0,0,0,0,0,,2
Pct 9716   ,2,0,0,0,2,,0,0,0,0,0,0,0,0,0,0,0,0,0,0,,2
Pct 9719   ,2,0,0,0,2,,0,0,0,0,0,0,0,0,0,0,0,0,0,0,,2
Pct 9728   ,2,0,0,0,2,,0,0,0,0,0,0,0,0,0,0,0,0,0,0,,2
Pct 9729   ,2,0,0,0,2,,0,0,0,0,0,0,0,0,0,0,0,0,0,0,,2
Pct 9744   ,0,2,0,0,2,,0,0,0,0,0,0,0,0,0,0,0,0,0,0,,2
Pct 9756   ,2,0,0,0,2,,0,0,0,0,0,0,0,0,0,0,0,0,0,0,,2
Pct 7048   ,0,1,0,0,1,,0,0,0,0,0,1,0,0,0,0,0,0,0,1,,2
Pct 7318   ,0,1,0,0,1,,0,0,0,0,0,1,0,0,0,0,0,0,0,1,,2
Pct 7526   ,1,0,0,0,1,,0,0,0,0,0,0,0,0,0,1,0,0,0,1,,2
Pct 7555   ,1,0,0,0,1,,0,0,0,0,0,0,0,0,0,0,0,1,0,1,,2
Pct 7702   ,1,0,0,0,1,,0,0,0,0,0,1,0,0,0,0,0,0,0,1,,2
Pct 7835   ,1,0,0,0,1,,0,0,0,0,0,1,0,0,0,0,0,0,0,1,,2
Pct 9253   ,0,0,1,0,1,,0,0,0,0,0,1,0,0,0,0,0,0,0,1,,2
Pct 9421   ,0,1,0,0,1,,0,0,0,0,1,0,0,0,0,0,0,0,0,1,,2
Pct 9713   ,0,1,0,0,1,,0,0,0,0,0,1,0,0,0,0,0,0,0,1,,2
Pct 9244   ,0,0,0,0,0,,1,0,0,0,0,1,0,0,0,0,0,0,0,2,,2
Pct 1126   ,3,0,0,0,3,,0,0,0,0,0,0,0,0,0,0,0,0,0,0,,3
Pct 1136   ,3,0,0,0,3,,0,0,0,0,0,0,0,0,0,0,0,0,0,0,,3
Pct 1144   ,3,0,0,0,3,,0,0,0,0,0,0,0,0,0,0,0,0,0,0,,3
Pct 7023   ,2,1,0,0,3,,0,0,0,0,0,0,0,0,0,0,0,0,0,0,,3
Pct 7025   ,0,3,0,0,3,,0,0,0,0,0,0,0,0,0,0,0,0,0,0,,3
Pct 7038   ,2,1,0,0,3,,0,0,0,0,0,0,0,0,0,0,0,0,0,0,,3
Pct 7052   ,2,1,0,0,3,,0,0,0,0,0,0,0,0,0,0,0,0,0,0,,3
Pct 7201   ,3,0,0,0,3,,0,0,0,0,0,0,0,0,0,0,0,0,0,0,,3
Pct 7313   ,2,1,0,0,3,,0,0,0,0,0,0,0,0,0,0,0,0,0,0,,3
Pct 7321   ,1,1,1,0,3,,0,0,0,0,0,0,0,0,0,0,0,0,0,0,,3
Pct 7334   ,1,0,1,1,3,,0,0,0,0,0,0,0,0,0,0,0,0,0,0,,3
Pct 7337   ,3,0,0,0,3,,0,0,0,0,0,0,0,0,0,0,0,0,0,0,,3
Pct 7521   ,0,2,1,0,3,,0,0,0,0,0,0,0,0,0,0,0,0,0,0,,3
Pct 7548   ,0,2,1,0,3,,0,0,0,0,0,0,0,0,0,0,0,0,0,0,,3
Pct 7629   ,2,0,1,0,3,,0,0,0,0,0,0,0,0,0,0,0,0,0,0,,3
Pct 7632   ,2,1,0,0,3,,0,0,0,0,0,0,0,0,0,0,0,0,0,0,,3
Pct 7705   ,2,1,0,0,3,,0,0,0,0,0,0,0,0,0,0,0,0,0,0,,3
Pct 7802   ,2,1,0,0,3,,0,0,0,0,0,0,0,0,0,0,0,0,0,0,,3
Pct 7803   ,1,1,1,0,3,,0,0,0,0,0,0,0,0,0,0,0,0,0,0,,3
Pct 7828   ,3,0,0,0,3,,0,0,0,0,0,0,0,0,0,0,0,0,0,0,,3
Pct 7851   ,1,1,1,0,3,,0,0,0,0,0,0,0,0,0,0,0,0,0,0,,3
Pct 7853   ,2,0,1,0,3,,0,0,0,0,0,0,0,0,0,0,0,0,0,0,,3
Pct 7859   ,3,0,0,0,3,,0,0,0,0,0,0,0,0,0,0,0,0,0,0,,3
Pct 7931   ,2,1,0,0,3,,0,0,0,0,0,0,0,0,0,0,0,0,0,0,,3
Pct 7937   ,2,0,1,0,3,,0,0,0,0,0,0,0,0,0,0,0,0,0,0,,3
Pct 7949   ,2,1,0,0,3,,0,0,0,0,0,0,0,0,0,0,0,0,0,0,,3
Pct 9107   ,1,2,0,0,3,,0,0,0,0,0,0,0,0,0,0,0,0,0,0,,3
Pct 9121   ,3,0,0,0,3,,0,0,0,0,0,0,0,0,0,0,0,0,0,0,,3
Pct 9141   ,2,1,0,0,3,,0,0,0,0,0,0,0,0,0,0,0,0,0,0,,3
Pct 9142   ,1,2,0,0,3,,0,0,0,0,0,0,0,0,0,0,0,0,0,0,,3
Pct 9144   ,3,0,0,0,3,,0,0,0,0,0,0,0,0,0,0,0,0,0,0,,3
Pct 9147   ,1,1,1,0,3,,0,0,0,0,0,0,0,0,0,0,0,0,0,0,,3
Pct 9209   ,2,1,0,0,3,,0,0,0,0,0,0,0,0,0,0,0,0,0,0,,3
Pct 9211   ,3,0,0,0,3,,0,0,0,0,0,0,0,0,0,0,0,0,0,0,,3
Pct 9212   ,2,1,0,0,3,,0,0,0,0,0,0,0,0,0,0,0,0,0,0,,3
Pct 9216   ,2,0,1,0,3,,0,0,0,0,0,0,0,0,0,0,0,0,0,0,,3
Pct 9219   ,3,0,0,0,3,,0,0,0,0,0,0,0,0,0,0,0,0,0,0,,3
Pct 9222   ,1,2,0,0,3,,0,0,0,0,0,0,0,0,0,0,0,0,0,0,,3
Pct 9226   ,1,2,0,0,3,,0,0,0,0,0,0,0,0,0,0,0,0,0,0,,3
Pct 9228   ,3,0,0,0,3,,0,0,0,0,0,0,0,0,0,0,0,0,0,0,,3
Pct 9237   ,3,0,0,0,3,,0,0,0,0,0,0,0,0,0,0,0,0,0,0,,3
Pct 9406   ,2,1,0,0,3,,0,0,0,0,0,0,0,0,0,0,0,0,0,0,,3
Pct 9423   ,1,2,0,0,3,,0,0,0,0,0,0,0,0,0,0,0,0,0,0,,3
Pct 9424   ,3,0,0,0,3,,0,0,0,0,0,0,0,0,0,0,0,0,0,0,,3
Pct 9425   ,1,2,0,0,3,,0,0,0,0,0,0,0,0,0,0,0,0,0,0,,3
Pct 9429   ,0,3,0,0,3,,0,0,0,0,0,0,0,0,0,0,0,0,0,0,,3
Pct 9433   ,2,0,1,0,3,,0,0,0,0,0,0,0,0,0,0,0,0,0,0,,3
Pct 9436   ,3,0,0,0,3,,0,0,0,0,0,0,0,0,0,0,0,0,0,0,,3
Pct 9447   ,3,0,0,0,3,,0,0,0,0,0,0,0,0,0,0,0,0,0,0,,3
Pct 9708   ,2,1,0,0,3,,0,0,0,0,0,0,0,0,0,0,0,0,0,0,,3
Pct 9718   ,1,2,0,0,3,,0,0,0,0,0,0,0,0,0,0,0,0,0,0,,3
Pct 9721   ,2,1,0,0,3,,0,0,0,0,0,0,0,0,0,0,0,0,0,0,,3
Pct 9734   ,2,1,0,0,3,,0,0,0,0,0,0,0,0,0,0,0,0,0,0,,3
Pct 9736   ,1,2,0,0,3,,0,0,0,0,0,0,0,0,0,0,0,0,0,0,,3
Pct 1108   ,1,1,0,0,2,,0,0,0,0,0,1,0,0,0,0,0,0,0,1,,3
Pct 7842   ,0,2,0,0,2,,0,0,0,0,0,1,0,0,0,0,0,0,0,1,,3
Pct 9103   ,2,0,0,0,2,,0,0,0,0,0,0,0,0,0,1,0,0,0,1,,3
Pct 9401   ,1,0,1,0,2,,0,0,0,0,0,0,1,0,0,0,0,0,0,1,,3
Pct 9403   ,2,0,0,0,2,,0,0,0,0,0,0,0,1,0,0,0,0,0,1,,3
Pct 9435   ,2,0,0,0,2,,0,0,0,0,0,1,0,0,0,0,0,0,0,1,,3
Pct 9705   ,1,1,0,0,2,,0,0,0,0,0,1,0,0,0,0,0,0,0,1,,3
Pct 9752   ,0,2,0,0,2,,1,0,0,0,0,0,0,0,0,0,0,0,0,1,,3
Pct 1124   ,1,0,0,0,1,,0,0,0,0,0,2,0,0,0,0,0,0,0,2,,3
Pct 7605   ,1,0,0,0,1,,1,0,0,0,0,0,0,1,0,0,0,0,0,2,,3
Pct 9111   ,1,0,0,0,1,,0,0,0,0,0,2,0,0,0,0,0,0,0,2,,3
Pct 9509   ,1,0,0,0,1,,0,0,0,0,0,1,0,1,0,0,0,0,0,2,,3
Pct 1106   ,3,1,0,0,4,,0,0,0,0,0,0,0,0,0,0,0,0,0,0,,4
Pct 1116   ,4,0,0,0,4,,0,0,0,0,0,0,0,0,0,0,0,0,0,0,,4
Pct 1123   ,2,2,0,0,4,,0,0,0,0,0,0,0,0,0,0,0,0,0,0,,4
Pct 1131   ,4,0,0,0,4,,0,0,0,0,0,0,0,0,0,0,0,0,0,0,,4
Pct 1148   ,2,2,0,0,4,,0,0,0,0,0,0,0,0,0,0,0,0,0,0,,4
Pct 7004   ,1,2,1,0,4,,0,0,0,0,0,0,0,0,0,0,0,0,0,0,,4
Pct 7006   ,3,1,0,0,4,,0,0,0,0,0,0,0,0,0,0,0,0,0,0,,4
Pct 7011   ,0,4,0,0,4,,0,0,0,0,0,0,0,0,0,0,0,0,0,0,,4
Pct 7033   ,4,0,0,0,4,,0,0,0,0,0,0,0,0,0,0,0,0,0,0,,4
Pct 7053   ,3,1,0,0,4,,0,0,0,0,0,0,0,0,0,0,0,0,0,0,,4
Pct 7202   ,4,0,0,0,4,,0,0,0,0,0,0,0,0,0,0,0,0,0,0,,4
Pct 7311   ,4,0,0,0,4,,0,0,0,0,0,0,0,0,0,0,0,0,0,0,,4
Pct 7325   ,3,1,0,0,4,,0,0,0,0,0,0,0,0,0,0,0,0,0,0,,4
Pct 7332   ,2,2,0,0,4,,0,0,0,0,0,0,0,0,0,0,0,0,0,0,,4
Pct 7333   ,3,1,0,0,4,,0,0,0,0,0,0,0,0,0,0,0,0,0,0,,4
Pct 7517   ,3,1,0,0,4,,0,0,0,0,0,0,0,0,0,0,0,0,0,0,,4
Pct 7534   ,4,0,0,0,4,,0,0,0,0,0,0,0,0,0,0,0,0,0,0,,4
Pct 7637   ,1,2,1,0,4,,0,0,0,0,0,0,0,0,0,0,0,0,0,0,,4
Pct 7641   ,4,0,0,0,4,,0,0,0,0,0,0,0,0,0,0,0,0,0,0,,4
Pct 7813   ,1,3,0,0,4,,0,0,0,0,0,0,0,0,0,0,0,0,0,0,,4
Pct 7817   ,4,0,0,0,4,,0,0,0,0,0,0,0,0,0,0,0,0,0,0,,4
Pct 7845   ,3,1,0,0,4,,0,0,0,0,0,0,0,0,0,0,0,0,0,0,,4
Pct 7848   ,3,1,0,0,4,,0,0,0,0,0,0,0,0,0,0,0,0,0,0,,4
Pct 9108   ,2,1,1,0,4,,0,0,0,0,0,0,0,0,0,0,0,0,0,0,,4
Pct 9112   ,4,0,0,0,4,,0,0,0,0,0,0,0,0,0,0,0,0,0,0,,4
Pct 9126   ,2,2,0,0,4,,0,0,0,0,0,0,0,0,0,0,0,0,0,0,,4
Pct 9203   ,4,0,0,0,4,,0,0,0,0,0,0,0,0,0,0,0,0,0,0,,4
Pct 9208   ,3,0,1,0,4,,0,0,0,0,0,0,0,0,0,0,0,0,0,0,,4
Pct 9238   ,1,1,2,0,4,,0,0,0,0,0,0,0,0,0,0,0,0,0,0,,4
Pct 9239   ,3,1,0,0,4,,0,0,0,0,0,0,0,0,0,0,0,0,0,0,,4
Pct 9251   ,4,0,0,0,4,,0,0,0,0,0,0,0,0,0,0,0,0,0,0,,4
Pct 9252   ,2,2,0,0,4,,0,0,0,0,0,0,0,0,0,0,0,0,0,0,,4
Pct 9404   ,3,1,0,0,4,,0,0,0,0,0,0,0,0,0,0,0,0,0,0,,4
Pct 9407   ,1,3,0,0,4,,0,0,0,0,0,0,0,0,0,0,0,0,0,0,,4
Pct 9427   ,3,1,0,0,4,,0,0,0,0,0,0,0,0,0,0,0,0,0,0,,4
Pct 9439   ,4,0,0,0,4,,0,0,0,0,0,0,0,0,0,0,0,0,0,0,,4
Pct 9445   ,3,1,0,0,4,,0,0,0,0,0,0,0,0,0,0,0,0,0,0,,4
Pct 9452   ,0,3,1,0,4,,0,0,0,0,0,0,0,0,0,0,0,0,0,0,,4
Pct 9518   ,1,0,3,0,4,,0,0,0,0,0,0,0,0,0,0,0,0,0,0,,4
Pct 9703   ,3,1,0,0,4,,0,0,0,0,0,0,0,0,0,0,0,0,0,0,,4
Pct 9725   ,1,2,1,0,4,,0,0,0,0,0,0,0,0,0,0,0,0,0,0,,4
Pct 9747   ,3,0,1,0,4,,0,0,0,0,0,0,0,0,0,0,0,0,0,0,,4
Pct 1133   ,3,0,0,0,3,,0,0,1,0,0,0,0,0,0,0,0,0,0,1,,4
Pct 1147   ,3,0,0,0,3,,0,0,0,0,0,1,0,0,0,0,0,0,0,1,,4
Pct 7309   ,2,1,0,0,3,,0,0,0,0,0,1,0,0,0,0,0,0,0,1,,4
Pct 7342   ,3,0,0,0,3,,0,0,0,0,0,1,0,0,0,0,0,0,0,1,,4
Pct 7516   ,2,1,0,0,3,,0,0,0,0,0,1,0,0,0,0,0,0,0,1,,4
Pct 9109   ,0,1,2,0,3,,0,0,0,0,0,1,0,0,0,0,0,0,0,1,,4
Pct 9206   ,2,1,0,0,3,,0,0,0,0,1,0,0,0,0,0,0,0,0,1,,4
Pct 9233   ,3,0,0,0,3,,0,0,0,0,0,1,0,0,0,0,0,0,0,1,,4
Pct 9408   ,2,1,0,0,3,,0,0,0,0,0,1,0,0,0,0,0,0,0,1,,4
Pct 9409   ,2,0,1,0,3,,0,0,0,0,0,0,0,1,0,0,0,0,0,1,,4
Pct 9412   ,3,0,0,0,3,,0,0,0,0,0,0,0,1,0,0,0,0,0,1,,4
Pct 9431   ,3,0,0,0,3,,0,0,0,0,0,1,0,0,0,0,0,0,0,1,,4
Pct 9442   ,2,1,0,0,3,,0,0,0,0,0,1,0,0,0,0,0,0,0,1,,4
Pct 9453   ,0,0,3,0,3,,0,0,0,0,0,1,0,0,0,0,0,0,0,1,,4
Pct 9737   ,2,1,0,0,3,,0,0,0,0,0,0,0,0,0,1,0,0,0,1,,4
Pct 9746   ,2,1,0,0,3,,0,0,0,0,0,1,0,0,0,0,0,0,0,1,,4
Pct 7707   ,2,0,0,0,2,,0,0,0,0,0,0,0,0,1,1,0,0,0,2,,4
Pct 1114   ,5,0,0,0,5,,0,0,0,0,0,0,0,0,0,0,0,0,0,0,,5
Pct 1128   ,3,2,0,0,5,,0,0,0,0,0,0,0,0,0,0,0,0,0,0,,5
Pct 1129   ,4,0,1,0,5,,0,0,0,0,0,0,0,0,0,0,0,0,0,0,,5
Pct 7001   ,5,0,0,0,5,,0,0,0,0,0,0,0,0,0,0,0,0,0,0,,5
Pct 7022   ,4,1,0,0,5,,0,0,0,0,0,0,0,0,0,0,0,0,0,0,,5
Pct 7026   ,0,4,1,0,5,,0,0,0,0,0,0,0,0,0,0,0,0,0,0,,5
Pct 7027   ,2,3,0,0,5,,0,0,0,0,0,0,0,0,0,0,0,0,0,0,,5
Pct 7044   ,4,0,1,0,5,,0,0,0,0,0,0,0,0,0,0,0,0,0,0,,5
Pct 7303   ,3,1,1,0,5,,0,0,0,0,0,0,0,0,0,0,0,0,0,0,,5
Pct 7338   ,2,2,1,0,5,,0,0,0,0,0,0,0,0,0,0,0,0,0,0,,5
Pct 7346   ,3,2,0,0,5,,0,0,0,0,0,0,0,0,0,0,0,0,0,0,,5
Pct 7348   ,2,0,3,0,5,,0,0,0,0,0,0,0,0,0,0,0,0,0,0,,5
Pct 7509   ,5,0,0,0,5,,0,0,0,0,0,0,0,0,0,0,0,0,0,0,,5
Pct 7633   ,4,0,1,0,5,,0,0,0,0,0,0,0,0,0,0,0,0,0,0,,5
Pct 7638   ,3,1,1,0,5,,0,0,0,0,0,0,0,0,0,0,0,0,0,0,,5
Pct 7712   ,2,0,3,0,5,,0,0,0,0,0,0,0,0,0,0,0,0,0,0,,5
Pct 7801   ,5,0,0,0,5,,0,0,0,0,0,0,0,0,0,0,0,0,0,0,,5
Pct 7807   ,2,2,1,0,5,,0,0,0,0,0,0,0,0,0,0,0,0,0,0,,5
Pct 7812   ,1,3,1,0,5,,0,0,0,0,0,0,0,0,0,0,0,0,0,0,,5
Pct 7838   ,5,0,0,0,5,,0,0,0,0,0,0,0,0,0,0,0,0,0,0,,5
Pct 7852   ,1,3,1,0,5,,0,0,0,0,0,0,0,0,0,0,0,0,0,0,,5
Pct 7874   ,2,2,1,0,5,,0,0,0,0,0,0,0,0,0,0,0,0,0,0,,5
Pct 7929   ,4,0,1,0,5,,0,0,0,0,0,0,0,0,0,0,0,0,0,0,,5
Pct 7955   ,4,0,1,0,5,,0,0,0,0,0,0,0,0,0,0,0,0,0,0,,5
Pct 9105   ,4,1,0,0,5,,0,0,0,0,0,0,0,0,0,0,0,0,0,0,,5
Pct 9149   ,1,4,0,0,5,,0,0,0,0,0,0,0,0,0,0,0,0,0,0,,5
Pct 9225   ,4,1,0,0,5,,0,0,0,0,0,0,0,0,0,0,0,0,0,0,,5
Pct 9415   ,4,1,0,0,5,,0,0,0,0,0,0,0,0,0,0,0,0,0,0,,5
Pct 9443   ,4,0,1,0,5,,0,0,0,0,0,0,0,0,0,0,0,0,0,0,,5
Pct 9446   ,5,0,0,0,5,,0,0,0,0,0,0,0,0,0,0,0,0,0,0,,5
Pct 9449   ,5,0,0,0,5,,0,0,0,0,0,0,0,0,0,0,0,0,0,0,,5
Pct 9505   ,2,1,2,0,5,,0,0,0,0,0,0,0,0,0,0,0,0,0,0,,5
Pct 9506   ,5,0,0,0,5,,0,0,0,0,0,0,0,0,0,0,0,0,0,0,,5
Pct 9517   ,3,1,1,0,5,,0,0,0,0,0,0,0,0,0,0,0,0,0,0,,5
Pct 9701   ,5,0,0,0,5,,0,0,0,0,0,0,0,0,0,0,0,0,0,0,,5
Pct 9743   ,2,2,1,0,5,,0,0,0,0,0,0,0,0,0,0,0,0,0,0,,5
Pct 1102   ,4,0,0,0,4,,0,0,0,0,1,0,0,0,0,0,0,0,0,1,,5
Pct 1113   ,3,0,1,0,4,,0,0,0,0,0,1,0,0,0,0,0,0,0,1,,5
Pct 7031   ,3,1,0,0,4,,0,0,0,0,0,1,0,0,0,0,0,0,0,1,,5
Pct 7315   ,2,2,0,0,4,,0,0,0,0,0,1,0,0,0,0,0,0,0,1,,5
Pct 7322   ,1,2,1,0,4,,0,0,0,0,1,0,0,0,0,0,0,0,0,1,,5
Pct 7536   ,2,1,1,0,4,,0,0,0,0,0,1,0,0,0,0,0,0,0,1,,5
Pct 7816   ,1,3,0,0,4,,0,0,0,0,0,1,0,0,0,0,0,0,0,1,,5
Pct 7832   ,4,0,0,0,4,,0,0,0,0,0,1,0,0,0,0,0,0,0,1,,5
Pct 7836   ,4,0,0,0,4,,0,0,0,0,0,1,0,0,0,0,0,0,0,1,,5
Pct 7839   ,4,0,0,0,4,,0,0,0,0,0,1,0,0,0,0,0,0,0,1,,5
Pct 7861   ,3,1,0,0,4,,0,0,0,0,0,0,0,0,0,1,0,0,0,1,,5
Pct 7907   ,1,1,2,0,4,,0,0,0,0,0,1,0,0,0,0,0,0,0,1,,5
Pct 9113   ,2,2,0,0,4,,0,0,0,0,0,1,0,0,0,0,0,0,0,1,,5
Pct 9118   ,4,0,0,0,4,,0,0,0,0,0,1,0,0,0,0,0,0,0,1,,5
Pct 9119   ,3,1,0,0,4,,0,0,0,0,0,0,0,0,0,0,0,1,0,1,,5
Pct 9127   ,4,0,0,0,4,,0,0,0,0,0,1,0,0,0,0,0,0,0,1,,5
Pct 9223   ,3,1,0,0,4,,1,0,0,0,0,0,0,0,0,0,0,0,0,1,,5
Pct 9232   ,3,1,0,0,4,,0,0,0,0,0,0,0,0,0,1,0,0,0,1,,5
Pct 9418   ,0,4,0,0,4,,0,0,0,0,0,1,0,0,0,0,0,0,0,1,,5
Pct 9753   ,2,1,1,0,4,,0,0,0,0,0,1,0,0,0,0,0,0,0,1,,5
Pct 7614   ,3,0,0,0,3,,0,0,0,0,0,2,0,0,0,0,0,0,0,2,,5
Pct 9137   ,3,0,0,0,3,,0,0,0,0,0,1,0,0,0,0,0,1,0,2,,5
Pct 9254   ,2,0,1,0,3,,0,0,1,0,0,0,0,0,1,0,0,0,0,2,,5
Pct 9448   ,2,0,1,0,3,,0,0,0,0,0,1,0,0,0,0,0,1,0,2,,5
Pct 1112   ,1,1,4,0,6,,0,0,0,0,0,0,0,0,0,0,0,0,0,0,,6
Pct 1117   ,5,0,1,0,6,,0,0,0,0,0,0,0,0,0,0,0,0,0,0,,6
Pct 1142   ,3,3,0,0,6,,0,0,0,0,0,0,0,0,0,0,0,0,0,0,,6
Pct 7014   ,5,1,0,0,6,,0,0,0,0,0,0,0,0,0,0,0,0,0,0,,6
Pct 7030   ,0,4,2,0,6,,0,0,0,0,0,0,0,0,0,0,0,0,0,0,,6
Pct 7032   ,4,2,0,0,6,,0,0,0,0,0,0,0,0,0,0,0,0,0,0,,6
Pct 7039   ,5,1,0,0,6,,0,0,0,0,0,0,0,0,0,0,0,0,0,0,,6
Pct 7051   ,5,1,0,0,6,,0,0,0,0,0,0,0,0,0,0,0,0,0,0,,6
Pct 7205   ,5,0,1,0,6,,0,0,0,0,0,0,0,0,0,0,0,0,0,0,,6
Pct 7208   ,2,3,1,0,6,,0,0,0,0,0,0,0,0,0,0,0,0,0,0,,6
Pct 7308   ,4,2,0,0,6,,0,0,0,0,0,0,0,0,0,0,0,0,0,0,,6
Pct 7328   ,5,0,1,0,6,,0,0,0,0,0,0,0,0,0,0,0,0,0,0,,6
Pct 7331   ,3,2,1,0,6,,0,0,0,0,0,0,0,0,0,0,0,0,0,0,,6
Pct 7335   ,5,0,1,0,6,,0,0,0,0,0,0,0,0,0,0,0,0,0,0,,6
Pct 7336   ,5,1,0,0,6,,0,0,0,0,0,0,0,0,0,0,0,0,0,0,,6
Pct 7508   ,3,3,0,0,6,,0,0,0,0,0,0,0,0,0,0,0,0,0,0,,6
Pct 7515   ,5,1,0,0,6,,0,0,0,0,0,0,0,0,0,0,0,0,0,0,,6
Pct 7556   ,6,0,0,0,6,,0,0,0,0,0,0,0,0,0,0,0,0,0,0,,6
Pct 7606   ,3,3,0,0,6,,0,0,0,0,0,0,0,0,0,0,0,0,0,0,,6
Pct 7616   ,0,3,3,0,6,,0,0,0,0,0,0,0,0,0,0,0,0,0,0,,6
Pct 7634   ,3,3,0,0,6,,0,0,0,0,0,0,0,0,0,0,0,0,0,0,,6
Pct 7864   ,1,4,1,0,6,,0,0,0,0,0,0,0,0,0,0,0,0,0,0,,6
Pct 7947   ,1,3,1,1,6,,0,0,0,0,0,0,0,0,0,0,0,0,0,0,,6
Pct 7952   ,3,3,0,0,6,,0,0,0,0,0,0,0,0,0,0,0,0,0,0,,6
Pct 7957   ,4,2,0,0,6,,0,0,0,0,0,0,0,0,0,0,0,0,0,0,,6
Pct 9104   ,2,3,1,0,6,,0,0,0,0,0,0,0,0,0,0,0,0,0,0,,6
Pct 9204   ,5,0,1,0,6,,0,0,0,0,0,0,0,0,0,0,0,0,0,0,,6
Pct 9243   ,6,0,0,0,6,,0,0,0,0,0,0,0,0,0,0,0,0,0,0,,6
Pct 9245   ,4,0,2,0,6,,0,0,0,0,0,0,0,0,0,0,0,0,0,0,,6
Pct 9248   ,4,0,2,0,6,,0,0,0,0,0,0,0,0,0,0,0,0,0,0,,6
Pct 9416   ,6,0,0,0,6,,0,0,0,0,0,0,0,0,0,0,0,0,0,0,,6
Pct 9437   ,5,1,0,0,6,,0,0,0,0,0,0,0,0,0,0,0,0,0,0,,6
Pct 9438   ,5,1,0,0,6,,0,0,0,0,0,0,0,0,0,0,0,0,0,0,,6
Pct 9441   ,6,0,0,0,6,,0,0,0,0,0,0,0,0,0,0,0,0,0,0,,6
Pct 9508   ,2,3,1,0,6,,0,0,0,0,0,0,0,0,0,0,0,0,0,0,,6
Pct 9511   ,2,3,1,0,6,,0,0,0,0,0,0,0,0,0,0,0,0,0,0,,6
Pct 9702   ,2,1,3,0,6,,0,0,0,0,0,0,0,0,0,0,0,0,0,0,,6
Pct 9715   ,5,1,0,0,6,,0,0,0,0,0,0,0,0,0,0,0,0,0,0,,6
Pct 9722   ,5,0,1,0,6,,0,0,0,0,0,0,0,0,0,0,0,0,0,0,,6
Pct 9735   ,5,1,0,0,6,,0,0,0,0,0,0,0,0,0,0,0,0,0,0,,6
Pct 9749   ,6,0,0,0,6,,0,0,0,0,0,0,0,0,0,0,0,0,0,0,,6
Pct 9755   ,4,1,1,0,6,,0,0,0,0,0,0,0,0,0,0,0,0,0,0,,6
Pct 1141   ,5,0,0,0,5,,0,0,0,0,0,1,0,0,0,0,0,0,0,1,,6
Pct 1153   ,4,1,0,0,5,,0,0,0,0,0,0,0,0,0,1,0,0,0,1,,6
Pct 7316   ,4,0,1,0,5,,0,0,0,0,0,1,0,0,0,0,0,0,0,1,,6
Pct 7532   ,1,4,0,0,5,,0,0,0,0,0,1,0,0,0,0,0,0,0,1,,6
Pct 7547   ,5,0,0,0,5,,0,0,0,0,0,0,0,0,0,0,0,1,0,1,,6
Pct 7626   ,5,0,0,0,5,,0,0,0,0,0,1,0,0,0,0,0,0,0,1,,6
Pct 7818   ,1,1,3,0,5,,0,0,0,0,0,1,0,0,0,0,0,0,0,1,,6
Pct 7854   ,3,2,0,0,5,,0,0,0,0,0,1,0,0,0,0,0,0,0,1,,6
Pct 9134   ,1,2,2,0,5,,0,0,0,0,1,0,0,0,0,0,0,0,0,1,,6
Pct 9135   ,5,0,0,0,5,,1,0,0,0,0,0,0,0,0,0,0,0,0,1,,6
Pct 9151   ,5,0,0,0,5,,0,0,0,0,0,1,0,0,0,0,0,0,0,1,,6
Pct 9202   ,4,1,0,0,5,,0,0,0,0,0,1,0,0,0,0,0,0,0,1,,6
Pct 9224   ,4,0,1,0,5,,0,0,0,0,0,1,0,0,0,0,0,0,0,1,,6
Pct 9236   ,3,2,0,0,5,,0,0,0,0,0,1,0,0,0,0,0,0,0,1,,6
Pct 9249   ,4,0,1,0,5,,0,0,0,0,0,1,0,0,0,0,0,0,0,1,,6
Pct 9428   ,4,1,0,0,5,,0,0,0,0,0,1,0,0,0,0,0,0,0,1,,6
Pct 9714   ,4,0,1,0,5,,0,0,0,0,1,0,0,0,0,0,0,0,0,1,,6
Pct 9738   ,5,0,0,0,5,,0,0,0,0,0,1,0,0,0,0,0,0,0,1,,6
Pct 9751   ,2,1,2,0,5,,0,0,0,0,0,0,0,0,0,0,0,0,1,1,,6
Pct 9801   ,4,1,0,0,5,,0,0,0,0,0,0,0,0,0,1,0,0,0,1,,6
Pct 9745   ,2,2,0,0,4,,0,0,0,0,0,2,0,0,0,0,0,0,0,2,,6
Pct 1101   ,3,0,0,0,3,,0,1,0,0,1,1,0,0,0,0,0,0,0,3,,6
Pct 7645   ,0,2,1,0,3,,0,0,0,0,0,3,0,0,0,0,0,0,0,3,,6
Pct 1109   ,4,3,0,0,7,,0,0,0,0,0,0,0,0,0,0,0,0,0,0,,7
Pct 1119   ,4,3,0,0,7,,0,0,0,0,0,0,0,0,0,0,0,0,0,0,,7
Pct 1132   ,6,1,0,0,7,,0,0,0,0,0,0,0,0,0,0,0,0,0,0,,7
Pct 1149   ,1,6,0,0,7,,0,0,0,0,0,0,0,0,0,0,0,0,0,0,,7
Pct 7054   ,3,3,1,0,7,,0,0,0,0,0,0,0,0,0,0,0,0,0,0,,7
Pct 7317   ,3,4,0,0,7,,0,0,0,0,0,0,0,0,0,0,0,0,0,0,,7
Pct 7343   ,3,4,0,0,7,,0,0,0,0,0,0,0,0,0,0,0,0,0,0,,7
Pct 7347   ,2,4,1,0,7,,0,0,0,0,0,0,0,0,0,0,0,0,0,0,,7
Pct 7502   ,2,2,3,0,7,,0,0,0,0,0,0,0,0,0,0,0,0,0,0,,7
Pct 7503   ,6,0,1,0,7,,0,0,0,0,0,0,0,0,0,0,0,0,0,0,,7
Pct 7507   ,5,1,1,0,7,,0,0,0,0,0,0,0,0,0,0,0,0,0,0,,7
Pct 7711   ,5,1,1,0,7,,0,0,0,0,0,0,0,0,0,0,0,0,0,0,,7
Pct 7822   ,5,2,0,0,7,,0,0,0,0,0,0,0,0,0,0,0,0,0,0,,7
Pct 7831   ,4,3,0,0,7,,0,0,0,0,0,0,0,0,0,0,0,0,0,0,,7
Pct 7837   ,4,2,1,0,7,,0,0,0,0,0,0,0,0,0,0,0,0,0,0,,7
Pct 7844   ,1,6,0,0,7,,0,0,0,0,0,0,0,0,0,0,0,0,0,0,,7
Pct 7847   ,4,2,1,0,7,,0,0,0,0,0,0,0,0,0,0,0,0,0,0,,7
Pct 7855   ,4,3,0,0,7,,0,0,0,0,0,0,0,0,0,0,0,0,0,0,,7
Pct 7862   ,2,2,3,0,7,,0,0,0,0,0,0,0,0,0,0,0,0,0,0,,7
Pct 7867   ,6,1,0,0,7,,0,0,0,0,0,0,0,0,0,0,0,0,0,0,,7
Pct 7875   ,1,2,4,0,7,,0,0,0,0,0,0,0,0,0,0,0,0,0,0,,7
Pct 7941   ,3,4,0,0,7,,0,0,0,0,0,0,0,0,0,0,0,0,0,0,,7
Pct 7944   ,4,3,0,0,7,,0,0,0,0,0,0,0,0,0,0,0,0,0,0,,7
Pct 7948   ,3,3,1,0,7,,0,0,0,0,0,0,0,0,0,0,0,0,0,0,,7
Pct 9129   ,0,7,0,0,7,,0,0,0,0,0,0,0,0,0,0,0,0,0,0,,7
Pct 9207   ,5,1,0,1,7,,0,0,0,0,0,0,0,0,0,0,0,0,0,0,,7
Pct 9218   ,6,0,1,0,7,,0,0,0,0,0,0,0,0,0,0,0,0,0,0,,7
Pct 9521   ,3,3,1,0,7,,0,0,0,0,0,0,0,0,0,0,0,0,0,0,,7
Pct 9726   ,4,2,1,0,7,,0,0,0,0,0,0,0,0,0,0,0,0,0,0,,7
Pct 7341   ,4,2,0,0,6,,0,0,0,0,1,0,0,0,0,0,0,0,0,1,,7
Pct 7349   ,1,1,4,0,6,,0,0,0,0,0,1,0,0,0,0,0,0,0,1,,7
Pct 7549   ,4,1,1,0,6,,0,0,0,0,0,1,0,0,0,0,0,0,0,1,,7
Pct 7604   ,1,5,0,0,6,,0,0,0,0,0,0,0,1,0,0,0,0,0,1,,7
Pct 7612   ,2,4,0,0,6,,0,0,0,0,0,1,0,0,0,0,0,0,0,1,,7
Pct 7639   ,4,1,1,0,6,,0,0,0,0,0,1,0,0,0,0,0,0,0,1,,7
Pct 7806   ,2,4,0,0,6,,0,0,0,0,0,1,0,0,0,0,0,0,0,1,,7
Pct 7902   ,4,2,0,0,6,,0,0,0,0,0,1,0,0,0,0,0,0,0,1,,7
Pct 9139   ,3,3,0,0,6,,0,0,0,0,0,0,0,1,0,0,0,0,0,1,,7
Pct 9255   ,3,2,1,0,6,,0,0,0,0,0,1,0,0,0,0,0,0,0,1,,7
Pct 1146   ,4,1,0,0,5,,0,0,0,0,0,1,0,0,0,1,0,0,0,2,,7
Pct 7203   ,3,2,0,0,5,,0,1,0,0,0,0,0,1,0,0,0,0,0,2,,7
Pct 7307   ,2,3,0,0,5,,0,0,0,0,0,1,0,0,0,0,0,1,0,2,,7
Pct 7312   ,2,3,0,0,5,,0,0,0,0,0,1,0,0,0,1,0,0,0,2,,7
Pct 9434   ,0,5,0,0,5,,0,0,0,0,0,1,1,0,0,0,0,0,0,2,,7
Pct 7049   ,2,2,0,0,4,,0,0,0,0,0,3,0,0,0,0,0,0,0,3,,7
Pct 7302   ,4,0,0,0,4,,0,0,0,0,0,1,0,0,0,2,0,0,0,3,,7
Pct 7504   ,0,1,3,0,4,,0,0,0,0,0,3,0,0,0,0,0,0,0,3,,7
Pct 9247   ,2,1,1,0,4,,0,0,1,0,0,2,0,0,0,0,0,0,0,3,,7
Pct 1134   ,5,1,2,0,8,,0,0,0,0,0,0,0,0,0,0,0,0,0,0,,8
Pct 7019   ,5,3,0,0,8,,0,0,0,0,0,0,0,0,0,0,0,0,0,0,,8
Pct 7501   ,3,0,5,0,8,,0,0,0,0,0,0,0,0,0,0,0,0,0,0,,8
Pct 7518   ,6,0,2,0,8,,0,0,0,0,0,0,0,0,0,0,0,0,0,0,,8
Pct 7519   ,5,3,0,0,8,,0,0,0,0,0,0,0,0,0,0,0,0,0,0,,8
Pct 7527   ,6,2,0,0,8,,0,0,0,0,0,0,0,0,0,0,0,0,0,0,,8
Pct 7535   ,7,1,0,0,8,,0,0,0,0,0,0,0,0,0,0,0,0,0,0,,8
Pct 7544   ,6,2,0,0,8,,0,0,0,0,0,0,0,0,0,0,0,0,0,0,,8
Pct 7863   ,5,2,1,0,8,,0,0,0,0,0,0,0,0,0,0,0,0,0,0,,8
Pct 7906   ,6,1,1,0,8,,0,0,0,0,0,0,0,0,0,0,0,0,0,0,,8
Pct 7913   ,8,0,0,0,8,,0,0,0,0,0,0,0,0,0,0,0,0,0,0,,8
Pct 7928   ,7,1,0,0,8,,0,0,0,0,0,0,0,0,0,0,0,0,0,0,,8
Pct 7939   ,4,4,0,0,8,,0,0,0,0,0,0,0,0,0,0,0,0,0,0,,8
Pct 7942   ,6,2,0,0,8,,0,0,0,0,0,0,0,0,0,0,0,0,0,0,,8
Pct 7946   ,1,6,1,0,8,,0,0,0,0,0,0,0,0,0,0,0,0,0,0,,8
Pct 7951   ,8,0,0,0,8,,0,0,0,0,0,0,0,0,0,0,0,0,0,0,,8
Pct 7956   ,2,3,3,0,8,,0,0,0,0,0,0,0,0,0,0,0,0,0,0,,8
Pct 9125   ,4,4,0,0,8,,0,0,0,0,0,0,0,0,0,0,0,0,0,0,,8
Pct 9242   ,6,2,0,0,8,,0,0,0,0,0,0,0,0,0,0,0,0,0,0,,8
Pct 9419   ,4,4,0,0,8,,0,0,0,0,0,0,0,0,0,0,0,0,0,0,,8
Pct 9519   ,2,1,5,0,8,,0,0,0,0,0,0,0,0,0,0,0,0,0,0,,8
Pct 1115   ,2,5,0,0,7,,0,0,0,0,0,0,0,0,0,1,0,0,0,1,,8
Pct 7013   ,5,1,1,0,7,,0,0,0,0,0,0,0,0,0,1,0,0,0,1,,8
Pct 7028   ,0,6,1,0,7,,0,0,0,0,0,1,0,0,0,0,0,0,0,1,,8
Pct 7554   ,3,3,1,0,7,,0,0,0,0,0,1,0,0,0,0,0,0,0,1,,8
Pct 7607   ,3,4,0,0,7,,1,0,0,0,0,0,0,0,0,0,0,0,0,1,,8
Pct 7623   ,3,3,1,0,7,,0,0,0,0,0,1,0,0,0,0,0,0,0,1,,8
Pct 7642   ,6,1,0,0,7,,0,0,0,0,0,0,0,0,0,0,0,0,1,1,,8
Pct 7706   ,6,0,1,0,7,,0,0,0,0,0,1,0,0,0,0,0,0,0,1,,8
Pct 7846   ,7,0,0,0,7,,0,0,0,0,0,1,0,0,0,0,0,0,0,1,,8
Pct 7868   ,5,2,0,0,7,,0,0,0,0,0,1,0,0,0,0,0,0,0,1,,8
Pct 9145   ,5,2,0,0,7,,0,0,0,0,0,0,1,0,0,0,0,0,0,1,,8
Pct 9235   ,7,0,0,0,7,,0,0,0,0,0,1,0,0,0,0,0,0,0,1,,8
Pct 9704   ,3,4,0,0,7,,0,0,0,0,1,0,0,0,0,0,0,0,0,1,,8
Pct 7327   ,3,2,1,0,6,,1,0,0,0,0,1,0,0,0,0,0,0,0,2,,8
Pct 7938   ,6,0,0,0,6,,0,0,0,0,0,2,0,0,0,0,0,0,0,2,,8
Pct 9748   ,4,0,2,0,6,,0,0,0,0,0,2,0,0,0,0,0,0,0,2,,8
Pct 7903   ,2,3,0,0,5,,0,0,0,0,0,3,0,0,0,0,0,0,0,3,,8
Pct 1121   ,8,1,0,0,9,,0,0,0,0,0,0,0,0,0,0,0,0,0,0,,9
Pct 7305   ,6,2,1,0,9,,0,0,0,0,0,0,0,0,0,0,0,0,0,0,,9
Pct 7541   ,7,2,0,0,9,,0,0,0,0,0,0,0,0,0,0,0,0,0,0,,9
Pct 7704   ,6,2,1,0,9,,0,0,0,0,0,0,0,0,0,0,0,0,0,0,,9
Pct 7708   ,6,2,1,0,9,,0,0,0,0,0,0,0,0,0,0,0,0,0,0,,9
Pct 7841   ,3,4,2,0,9,,0,0,0,0,0,0,0,0,0,0,0,0,0,0,,9
Pct 7865   ,8,0,1,0,9,,0,0,0,0,0,0,0,0,0,0,0,0,0,0,,9
Pct 7911   ,6,3,0,0,9,,0,0,0,0,0,0,0,0,0,0,0,0,0,0,,9
Pct 7926   ,3,6,0,0,9,,0,0,0,0,0,0,0,0,0,0,0,0,0,0,,9
Pct 9115   ,8,1,0,0,9,,0,0,0,0,0,0,0,0,0,0,0,0,0,0,,9
Pct 9131   ,1,8,0,0,9,,0,0,0,0,0,0,0,0,0,0,0,0,0,0,,9
Pct 9152   ,1,5,3,0,9,,0,0,0,0,0,0,0,0,0,0,0,0,0,0,,9
Pct 9241   ,8,1,0,0,9,,0,0,0,0,0,0,0,0,0,0,0,0,0,0,,9
Pct 9414   ,6,3,0,0,9,,0,0,0,0,0,0,0,0,0,0,0,0,0,0,,9
Pct 1111   ,4,3,1,0,8,,0,0,0,1,0,0,0,0,0,0,0,0,0,1,,9
Pct 7339   ,3,4,1,0,8,,0,0,0,0,0,1,0,0,0,0,0,0,0,1,,9
Pct 7344   ,4,4,0,0,8,,0,0,0,0,0,0,0,0,0,1,0,0,0,1,,9
Pct 7505   ,7,1,0,0,8,,0,0,0,0,1,0,0,0,0,0,0,0,0,1,,9
Pct 7531   ,6,1,1,0,8,,0,0,0,0,0,1,0,0,0,0,0,0,0,1,,9
Pct 7603   ,2,5,1,0,8,,0,0,0,0,1,0,0,0,0,0,0,0,0,1,,9
Pct 7608   ,6,2,0,0,8,,0,0,0,0,0,1,0,0,0,0,0,0,0,1,,9
Pct 7625   ,7,1,0,0,8,,0,0,0,0,0,1,0,0,0,0,0,0,0,1,,9
Pct 7636   ,3,4,1,0,8,,0,0,0,0,0,1,0,0,0,0,0,0,0,1,,9
Pct 7811   ,5,0,3,0,8,,0,0,0,0,0,0,0,0,0,0,0,1,0,1,,9
Pct 9432   ,8,0,0,0,8,,0,0,0,0,0,1,0,0,0,0,0,0,0,1,,9
Pct 9513   ,4,1,3,0,8,,0,0,0,0,0,1,0,0,0,0,0,0,0,1,,9
Pct 1127   ,7,0,0,0,7,,0,0,0,0,0,0,0,0,0,2,0,0,0,2,,9
Pct 1143   ,2,5,0,0,7,,0,0,0,0,0,1,0,0,0,1,0,0,0,2,,9
Pct 7621   ,1,2,4,0,7,,0,0,0,0,0,2,0,0,0,0,0,0,0,2,,9
Pct 7646   ,5,1,1,0,7,,0,0,1,0,0,1,0,0,0,0,0,0,0,2,,9
Pct 9132   ,6,1,0,0,7,,0,0,0,0,0,2,0,0,0,0,0,0,0,2,,9
Pct 7543   ,5,1,0,0,6,,0,0,1,0,0,1,0,1,0,0,0,0,0,3,,9
Pct 7953   ,3,2,1,0,6,,0,0,0,1,0,1,0,0,0,1,0,0,0,3,,9
Pct 7301   ,5,2,3,0,10,,0,0,0,0,0,0,0,0,0,0,0,0,0,0,,10
Pct 7326   ,7,3,0,0,10,,0,0,0,0,0,0,0,0,0,0,0,0,0,0,,10
Pct 7345   ,2,8,0,0,10,,0,0,0,0,0,0,0,0,0,0,0,0,0,0,,10
Pct 7529   ,5,3,2,0,10,,0,0,0,0,0,0,0,0,0,0,0,0,0,0,,10
Pct 7615   ,7,3,0,0,10,,0,0,0,0,0,0,0,0,0,0,0,0,0,0,,10
Pct 7869   ,10,0,0,0,10,,0,0,0,0,0,0,0,0,0,0,0,0,0,0,,10
Pct 7871   ,7,3,0,0,10,,0,0,0,0,0,0,0,0,0,0,0,0,0,0,,10
Pct 9114   ,4,3,3,0,10,,0,0,0,0,0,0,0,0,0,0,0,0,0,0,,10
Pct 9116   ,3,5,2,0,10,,0,0,0,0,0,0,0,0,0,0,0,0,0,0,,10
Pct 9221   ,8,2,0,0,10,,0,0,0,0,0,0,0,0,0,0,0,0,0,0,,10
Pct 9402   ,5,3,2,0,10,,0,0,0,0,0,0,0,0,0,0,0,0,0,0,,10
Pct 9731   ,3,5,2,0,10,,0,0,0,0,0,0,0,0,0,0,0,0,0,0,,10
Pct 7002   ,2,4,3,0,9,,0,0,0,0,0,0,0,1,0,0,0,0,0,1,,10
Pct 7538   ,5,4,0,0,9,,0,0,0,0,0,1,0,0,0,0,0,0,0,1,,10
Pct 7613   ,3,6,0,0,9,,0,0,0,0,0,0,0,0,0,0,0,1,0,1,,10
Pct 7824   ,4,4,1,0,9,,0,0,0,0,0,1,0,0,0,0,0,0,0,1,,10
Pct 7909   ,4,5,0,0,9,,0,0,0,0,0,1,0,0,0,0,0,0,0,1,,10
Pct 7943   ,5,2,2,0,9,,0,0,0,0,0,0,0,0,0,1,0,0,0,1,,10
Pct 9231   ,8,1,0,0,9,,0,0,0,0,0,1,0,0,0,0,0,0,0,1,,10
Pct 9711   ,7,1,1,0,9,,0,0,0,0,0,1,0,0,0,0,0,0,0,1,,10
Pct 7306   ,6,2,0,0,8,,0,0,0,0,0,1,0,0,0,1,0,0,0,2,,10
Pct 7602   ,3,5,0,0,8,,0,0,0,0,0,2,0,0,0,0,0,0,0,2,,10
Pct 7618   ,1,4,3,0,8,,0,0,0,0,0,2,0,0,0,0,0,0,0,2,,10
Pct 7808   ,3,4,1,0,8,,0,0,0,0,0,1,0,0,0,0,0,1,0,2,,10
Pct 7901   ,5,1,2,0,8,,0,0,0,0,0,2,0,0,0,0,0,0,0,2,,10
Pct 1104   ,5,3,3,0,11,,0,0,0,0,0,0,0,0,0,0,0,0,0,0,,11
Pct 1118   ,10,1,0,0,11,,0,0,0,0,0,0,0,0,0,0,0,0,0,0,,11
Pct 7007   ,5,4,2,0,11,,0,0,0,0,0,0,0,0,0,0,0,0,0,0,,11
Pct 7525   ,5,6,0,0,11,,0,0,0,0,0,0,0,0,0,0,0,0,0,0,,11
Pct 7631   ,3,8,0,0,11,,0,0,0,0,0,0,0,0,0,0,0,0,0,0,,11
Pct 7815   ,10,1,0,0,11,,0,0,0,0,0,0,0,0,0,0,0,0,0,0,,11
Pct 7826   ,11,0,0,0,11,,0,0,0,0,0,0,0,0,0,0,0,0,0,0,,11
Pct 7866   ,10,1,0,0,11,,0,0,0,0,0,0,0,0,0,0,0,0,0,0,,11
Pct 7872   ,5,6,0,0,11,,0,0,0,0,0,0,0,0,0,0,0,0,0,0,,11
Pct 7912   ,7,2,2,0,11,,0,0,0,0,0,0,0,0,0,0,0,0,0,0,,11
Pct 7914   ,6,3,2,0,11,,0,0,0,0,0,0,0,0,0,0,0,0,0,0,,11
Pct 7918   ,10,1,0,0,11,,0,0,0,0,0,0,0,0,0,0,0,0,0,0,,11
Pct 7922   ,6,5,0,0,11,,0,0,0,0,0,0,0,0,0,0,0,0,0,0,,11
Pct 9128   ,1,9,1,0,11,,0,0,0,0,0,0,0,0,0,0,0,0,0,0,,11
Pct 9512   ,8,3,0,0,11,,0,0,0,0,0,0,0,0,0,0,0,0,0,0,,11
Pct 9754   ,10,1,0,0,11,,0,0,0,0,0,0,0,0,0,0,0,0,0,0,,11
Pct 7003   ,4,5,1,0,10,,0,0,0,0,0,0,0,0,0,1,0,0,0,1,,11
Pct 7314   ,6,4,0,0,10,,0,0,0,0,0,0,0,0,0,1,0,0,0,1,,11
Pct 7601   ,6,2,2,0,10,,0,0,0,0,0,1,0,0,0,0,0,0,0,1,,11
Pct 7622   ,7,3,0,0,10,,0,0,0,0,0,1,0,0,0,0,0,0,0,1,,11
Pct 7809   ,8,1,1,0,10,,0,0,0,0,0,1,0,0,0,0,0,0,0,1,,11
Pct 7905   ,6,0,4,0,10,,0,0,0,0,0,1,0,0,0,0,0,0,0,1,,11
Pct 9102   ,6,4,0,0,10,,0,0,1,0,0,0,0,0,0,0,0,0,0,1,,11
Pct 7546   ,5,4,0,0,9,,0,0,0,0,0,1,0,0,1,0,0,0,0,2,,11
Pct 9422   ,7,2,0,0,9,,0,0,0,0,0,0,0,1,0,1,0,0,0,2,,11
Pct 9503   ,2,3,4,0,9,,0,0,0,0,0,1,0,0,0,1,0,0,0,2,,11
Pct 7849   ,5,3,0,0,8,,0,0,0,0,0,2,0,0,0,1,0,0,0,3,,11
Pct 7539   ,9,3,0,0,12,,0,0,0,0,0,0,0,0,0,0,0,0,0,0,,12
Pct 7804   ,8,4,0,0,12,,0,0,0,0,0,0,0,0,0,0,0,0,0,0,,12
Pct 7814   ,10,0,2,0,12,,0,0,0,0,0,0,0,0,0,0,0,0,0,0,,12
Pct 7915   ,10,2,0,0,12,,0,0,0,0,0,0,0,0,0,0,0,0,0,0,,12
Pct 7643   ,8,2,1,0,11,,0,0,0,0,0,0,0,0,0,1,0,0,0,1,,12
Pct 7647   ,8,1,2,0,11,,0,0,0,0,0,1,0,0,0,0,0,0,0,1,,12
Pct 7858   ,1,10,0,0,11,,0,0,0,0,0,0,0,0,0,1,0,0,0,1,,12
Pct 7923   ,7,4,0,0,11,,0,0,0,0,0,1,0,0,0,0,0,0,0,1,,12
Pct 7819   ,5,2,3,0,10,,0,0,0,0,0,1,0,1,0,0,0,0,0,2,,12
Pct 7843   ,5,3,2,0,10,,0,0,0,0,0,2,0,0,0,0,0,0,0,2,,12
Pct 7627   ,4,5,0,0,9,,0,0,0,0,0,3,0,0,0,0,0,0,0,3,,12
Pct 7857   ,7,1,1,0,9,,0,0,0,0,0,3,0,0,0,0,0,0,0,3,,12
Pct 7523   ,8,3,2,0,13,,0,0,0,0,0,0,0,0,0,0,0,0,0,0,,13
Pct 7628   ,6,7,0,0,13,,0,0,0,0,0,0,0,0,0,0,0,0,0,0,,13
Pct 7921   ,9,3,1,0,13,,0,0,0,0,0,0,0,0,0,0,0,0,0,0,,13
Pct 7935   ,11,2,0,0,13,,0,0,0,0,0,0,0,0,0,0,0,0,0,0,,13
Pct 7021   ,9,3,0,0,12,,0,0,0,0,0,1,0,0,0,0,0,0,0,1,,13
Pct 7925   ,1,8,1,0,10,,0,0,0,0,0,3,0,0,0,0,0,0,0,3,,13
Pct 7805   ,5,7,2,0,14,,0,0,0,0,0,0,0,0,0,0,0,0,0,0,,14
Pct 7823   ,1,8,5,0,14,,0,0,0,0,0,0,0,0,0,0,0,0,0,0,,14
Pct 7611   ,5,8,0,0,13,,0,0,0,0,0,0,0,1,0,0,0,0,0,1,,14
Pct 7821   ,13,0,0,0,13,,0,0,0,0,0,1,0,0,0,0,0,0,0,1,,14
Pct 9117   ,3,8,0,0,11,,0,0,0,0,0,2,0,0,0,1,0,0,0,3,,14
Pct 7012   ,11,4,0,0,15,,0,0,0,0,0,0,0,0,0,0,0,0,0,0,,15
Pct 7016   ,2,12,0,0,14,,0,0,0,0,0,0,0,0,0,1,0,0,0,1,,15
Pct 7005   ,4,8,1,0,13,,0,0,0,0,0,2,0,0,0,0,0,0,0,2,,15
Pct 7827   ,3,12,1,0,16,,0,0,0,0,0,0,0,0,0,0,0,0,0,0,,16
Pct 7904   ,6,8,1,0,15,,0,0,0,0,0,1,0,0,0,0,0,0,0,1,,16
Pct 7919   ,11,5,1,0,17,,0,0,0,0,0,0,0,0,0,0,0,0,0,0,,17
Pct 7533   ,10,5,1,0,16,,0,0,0,0,0,1,0,0,0,0,0,0,0,1,,17
Pct 7329   ,2,6,7,0,15,,0,0,0,0,0,2,0,0,0,0,0,0,0,2,,17
Pct 7908   ,9,4,2,0,15,,0,0,0,0,0,2,0,0,0,0,0,0,0,2,,17
Pct 7609   ,6,6,2,0,14,,0,0,0,0,0,2,0,1,0,0,0,0,0,3,,17
Pct 7537   ,8,7,3,0,18,,0,0,0,0,0,0,0,0,0,0,0,0,0,0,,18
Pct 7617   ,7,4,6,0,17,,0,0,0,0,0,1,0,0,0,0,0,0,0,1,,18
Pct 7624   ,11,5,1,0,17,,0,0,0,0,0,0,0,0,0,1,0,0,0,1,,18
Pct 7934   ,7,5,2,0,14,,0,0,0,0,0,3,0,1,0,0,0,0,0,4,,18
Pct 7008   ,13,6,0,0,19,,0,0,0,0,0,0,0,1,0,0,0,0,0,1,,20
Pct 7834   ,9,9,1,0,19,,0,0,0,0,0,1,0,0,0,0,0,0,0,1,,20
Pct 7927   ,9,10,0,0,19,,0,0,0,0,0,0,0,0,0,1,0,0,0,1,,20
Pct 9234   ,5,6,10,0,21,,0,0,0,0,0,0,0,0,0,0,0,0,0,0,,21
Pct 7542   ,11,8,1,0,20,,0,0,0,0,0,1,0,0,0,0,0,0,0,1,,21
Pct 7917   ,6,12,1,0,19,,0,0,0,0,0,2,0,0,0,0,0,0,0,2,,21
Pct 7619   ,7,10,1,0,18,,0,0,0,0,0,2,0,0,0,1,0,0,0,3,,21
Pct 7936   ,8,14,0,0,22,,0,0,0,0,0,3,0,0,0,0,0,0,0,3,,25
Pct 7924   ,14,7,1,0,22,,0,0,0,0,0,4,0,0,0,0,0,0,0,4,,26
Pct 9514   ,1,5,15,0,21,,0,0,0,0,0,3,1,0,0,1,0,0,0,5,,26
Pct 7916   ,9,6,11,0,26,,0,0,0,0,0,0,0,1,0,0,0,0,0,1,,27
